Posting Date,Reference Number,Amount
2026-08-18,UTR0000000,975
2026-08-19,UTR0000001,985
2026-08-20,UTR0000002,995
2026-08-21,UTR0000003,1005
2026-08-22,UTR0000004,1015
2026-08-18,UTR0000005,1025
2026-08-19,UTR0000006,1035
2026-08-20,UTR0000007,1045
2026-08-21,UTR0000008,1055
2026-08-22,UTR0000009,1065
2026-08-18,UTR0000010,1075
2026-08-19,UTR0000011,1085
2026-08-20,UTR0000012,1095
2026-08-21,UTR0000013,1105
2026-08-22,UTR0000014,1115
2026-08-18,UTR0000015,1125
2026-08-19,UTR0000016,1135
2026-08-20,UTR0000017,1145
2026-08-21,UTR0000018,1155
2026-08-22,UTR0000019,1165
2026-08-18,UTR0000020,1175
2026-08-19,UTR0000021,1185
2026-08-20,UTR0000022,1195
2026-08-21,UTR0000023,1205
2026-08-22,UTR0000024,1215
2026-08-18,UTR0000025,1225
2026-08-19,UTR0000026,1235
2026-08-20,UTR0000027,1245
2026-08-21,UTR0000028,1255
2026-08-22,UTR0000029,1265
2026-08-18,UTR0000030,1275
2026-08-19,UTR0000031,1285
2026-08-20,UTR0000032,1295
2026-08-21,UTR0000033,1305
2026-08-22,UTR0000034,1315
2026-08-18,UTR0000035,1325
2026-08-19,UTR0000036,1335
2026-08-20,UTR0000037,1345
2026-08-21,UTR0000038,1355
2026-08-22,UTR0000039,1365
2026-08-18,UTR0000040,1375
2026-08-19,UTR0000041,1385
2026-08-20,UTR0000042,1395
2026-08-21,UTR0000043,1405
2026-08-22,UTR0000044,1415
2026-08-18,UTR0000045,1425
2026-08-19,UTR0000046,1435
2026-08-20,UTR0000047,1445
2026-08-21,UTR0000048,1455
2026-08-22,UTR0000049,1465
