Order Number,Placed At,Order Value
ord_000000,2026-08-15 10:00:00,1000
ord_000001,2026-08-16 10:01:00,1010
ord_000002,2026-08-17 10:02:00,1020
ord_000003,2026-08-18 10:03:00,1030
ord_000004,2026-08-19 10:04:00,1040
ord_000005,2026-08-15 10:05:00,1050
ord_000006,2026-08-16 10:06:00,1060
ord_000007,2026-08-17 10:07:00,1070
ord_000008,2026-08-18 10:08:00,1080
ord_000009,2026-08-19 10:09:00,1090
ord_000010,2026-08-15 10:10:00,1100
ord_000011,2026-08-16 10:11:00,1110
ord_000012,2026-08-17 10:12:00,1120
ord_000013,2026-08-18 10:13:00,1130
ord_000014,2026-08-19 10:14:00,1140
ord_000015,2026-08-15 10:15:00,1150
ord_000016,2026-08-16 10:16:00,1160
ord_000017,2026-08-17 10:17:00,1170
ord_000018,2026-08-18 10:18:00,1180
ord_000019,2026-08-19 10:19:00,1190
ord_000020,2026-08-15 10:20:00,1200
ord_000021,2026-08-16 10:21:00,1210
ord_000022,2026-08-17 10:22:00,1220
ord_000023,2026-08-18 10:23:00,1230
ord_000024,2026-08-19 10:24:00,1240
ord_000025,2026-08-15 10:25:00,1250
ord_000026,2026-08-16 10:26:00,1260
ord_000027,2026-08-17 10:27:00,1270
ord_000028,2026-08-18 10:28:00,1280
ord_000029,2026-08-19 10:29:00,1290
ord_000030,2026-08-15 10:30:00,1300
ord_000031,2026-08-16 10:31:00,1310
ord_000032,2026-08-17 10:32:00,1320
ord_000033,2026-08-18 10:33:00,1330
ord_000034,2026-08-19 10:34:00,1340
ord_000035,2026-08-15 10:35:00,1350
ord_000036,2026-08-16 10:36:00,1360
ord_000037,2026-08-17 10:37:00,1370
ord_000038,2026-08-18 10:38:00,1380
ord_000039,2026-08-19 10:39:00,1390
ord_000040,2026-08-15 10:40:00,1400
ord_000041,2026-08-16 10:41:00,1410
ord_000042,2026-08-17 10:42:00,1420
ord_000043,2026-08-18 10:43:00,1430
ord_000044,2026-08-19 10:44:00,1440
ord_000045,2026-08-15 10:45:00,1450
ord_000046,2026-08-16 10:46:00,1460
ord_000047,2026-08-17 10:47:00,1470
ord_000048,2026-08-18 10:48:00,1480
ord_000049,2026-08-19 10:49:00,1490
